pl_name,pl_letter,default_flag,pl_refname,pl_orbper,pl_orbpererr1,pl_orbsmax,pl_orbsmaxerr1,pl_rade,pl_radeerr1,pl_masse,pl_masseerr1,pl_orbincl,pl_orbinclerr1,pl_tranmid,pl_tranmiderr1,pl_orbeccen,pl_imppar,st_rad,st_teff,st_lum,st_mass,sy_dist,rowupdate
"TRAPPIST-1 b","b",1,"<a refstr=AGOL_ET_AL__2021 href=https://ui.adsabs.harvard.edu/abs/2021PSJ.....2....1A/abstract target=ref>Agol et al. 2021</a>",1.51082600000,0.00000600000,0.0115400000,0.0001000000,1.11600000,0.01400000,1.37400000,0.06900000,89.72800,0.16500,,,,0.095000,0.119200,2566.00,-3.25727,0.089800,,"2022-11-14"
"TRAPPIST-1 b","b",0,"<a refstr=DE_WIT_ET_AL__2016 href=https://ui.adsabs.harvard.edu/abs/2016Natur.537...69D/abstract target=ref>de Wit et al. 2016</a>",,,,,,,,,89.39000,0.32000,2457512.88646000,0.00030000,,,0.114827,,,0.090778,,"2017-02-17"
"TRAPPIST-1 b","b",0,"<a refstr=GILLON_ET_AL__2017 href=https://ui.adsabs.harvard.edu/abs/2017Natur.542..456G/abstract target=ref>Gillon et al. 2017</a>",1.51087081000,0.00000060000,0.0111100000,0.0003400000,1.08600000,0.03500000,0.85000000,0.72000000,89.65000,0.22000,2457322.51736000,0.00010000,0.081000,0.126000,0.117000,2559.00,-3.28067,0.080200,,"2017-02-17"
"TRAPPIST-1 b","b",0,"<a refstr=GILLON_ET_AL__2016 href=https://ui.adsabs.harvard.edu/abs/2016Natur.533..221G/abstract target=ref>Gillon et al. 2016</a>",1.51084800000,0.00001900000,0.0111100000,0.0004000000,1.11300000,0.04400000,,,89.41000,0.41000,2457322.51765000,0.00025000,0.000000,0.210000,0.117000,2550.00,-3.27984,0.080000,,"2017-02-17"
"TRAPPIST-1 b","b",0,"<a refstr=GRIMM_ET_AL__2018 href=https://ui.adsabs.harvard.edu/abs/2018A&A...613A..68G/abstract target=ref>Grimm et al. 2018</a>",,,0.0115477500,0.0000000570,1.12100000,0.03100000,1.01700000,0.15400000,,,,,0.006220,,,,,0.089000,,"2020-12-10"
"TRAPPIST-1 b","b",0,"<a refstr=HIRANO_ET_AL__2020 href=https://ui.adsabs.harvard.edu/abs/2020ApJ...890L..27H/abstract target=ref>Hirano et al. 2020</a>",1.51087000000,0.00022000000,,,,,,,,,2458362.00210000,0.00160000,,,,,,,,"2023-04-17"
"TRAPPIST-1 b","b",0,"<a refstr=DUCROT_ET_AL__2020 href=https://ui.adsabs.harvard.edu/abs/2020A&A...640A.112D/abstract target=ref>Ducrot et al. 2020</a>",1.51088432000,0.00000015000,0.0115340000,0.0000990000,,,,,89.28000,0.32000,2457322.51419300,0.00000300,,0.254000,0.123400,2520.00,-3.25806,0.089800,,"2022-11-14"
"TRAPPIST-1 b","b",0,"<a refstr=RATHCKE_ET_AL__2025 href=https://ui.adsabs.harvard.edu/abs/2025ApJ...979L..19R/abstract target=ref>Rathcke et al. 2025</a>",1.51082610000,0.00000580000,,,,,,,89.80000,0.14000,2460501.40546400,0.00001000,0.000000,,0.119200,2566.00,-3.25727,0.089800,,"2025-09-17"
"TRAPPIST-1 b","b",0,"<a refstr=EXOFOP href=https://exofop.ipac.caltech.edu/tess/view_toi.php target=ref>ExoFOP</a>",1.51094471179,0.00012604707,,,1.20389172,0.23403676,,,,,2460209.80835200,0.00109332,,,0.114827,5780.00,,,,"2023-12-14"
"TRAPPIST-1 c","c",1,"<a refstr=AGOL_ET_AL__2021 href=https://ui.adsabs.harvard.edu/abs/2021PSJ.....2....1A/abstract target=ref>Agol et al. 2021</a>",2.42193700000,0.00001800000,0.0158000000,0.0001300000,1.09700000,0.01400000,1.30800000,0.05600000,89.77800,0.11800,,,,0.109000,0.119200,2566.00,-3.25727,0.089800,,"2022-11-14"
"TRAPPIST-1 c","c",0,"<a refstr=DE_WIT_ET_AL__2016 href=https://ui.adsabs.harvard.edu/abs/2016Natur.537...69D/abstract target=ref>de Wit et al. 2016</a>",,,,,,,,,89.58000,0.11000,2457512.88019000,0.00016000,,,0.114827,,,0.090778,,"2017-02-17"
"TRAPPIST-1 c","c",0,"<a refstr=GILLON_ET_AL__2017 href=https://ui.adsabs.harvard.edu/abs/2017Natur.542..456G/abstract target=ref>Gillon et al. 2017</a>",2.42182330000,0.00000170000,0.0152100000,0.0004700000,1.05600000,0.03500000,1.38000000,0.61000000,89.67000,0.17000,2457282.80728000,0.00019000,0.083000,0.161000,0.117000,2559.00,-3.28067,0.080200,,"2017-02-17"
"TRAPPIST-1 c","c",0,"<a refstr=GILLON_ET_AL__2016 href=https://ui.adsabs.harvard.edu/abs/2016Natur.533..221G/abstract target=ref>Gillon et al. 2016</a>",2.42184800000,0.00002800000,0.0152200000,0.0005500000,1.04900000,0.05000000,,,89.50000,0.31000,2457362.72618000,0.00033000,0.000000,0.250000,0.117000,2550.00,-3.27984,0.080000,,"2017-02-17"
"TRAPPIST-1 c","c",0,"<a refstr=RATHCKE_ET_AL__2025 href=https://ui.adsabs.harvard.edu/abs/2025ApJ...979L..19R/abstract target=ref>Rathcke et al. 2025</a>",2.42193710000,0.00001800000,,,,,,,89.83762,0.09000,2460501.38534800,0.00001100,0.000000,,0.119200,2566.00,-3.25727,0.089800,,"2025-09-17"
"TRAPPIST-1 c","c",0,"<a refstr=DUCROT_ET_AL__2020 href=https://ui.adsabs.harvard.edu/abs/2020A&A...640A.112D/abstract target=ref>Ducrot et al. 2020</a>",2.42179346000,0.00000023000,0.0157900000,0.0001400000,,,,,89.47000,0.24000,2457282.81138710,0.00000380,,0.254000,0.123400,2520.00,-3.25806,0.089800,,"2022-11-14"
"TRAPPIST-1 c","c",0,"<a refstr=GRIMM_ET_AL__2018 href=https://ui.adsabs.harvard.edu/abs/2018A&A...613A..68G/abstract target=ref>Grimm et al. 2018</a>",,,0.0158151200,0.0000001500,1.09500000,0.03000000,1.15600000,0.14200000,,,,,0.006540,,,,,0.089000,,"2020-12-10"
"TRAPPIST-1 d","d",1,"<a refstr=AGOL_ET_AL__2021 href=https://ui.adsabs.harvard.edu/abs/2021PSJ.....2....1A/abstract target=ref>Agol et al. 2021</a>",4.04921900000,0.00002600000,0.0222700000,0.0001900000,0.78800000,0.01100000,0.38800000,0.01200000,89.89600,0.07700,,,,0.063000,0.119200,2566.00,-3.25727,0.089800,,"2022-11-14"
"TRAPPIST-1 d","d",0,"<a refstr=PIAULET_GHORAYEB_ET_AL__2025 href=https://ui.adsabs.harvard.edu/abs/2025ApJ...989..181P/abstract target=ref>Piaulet-Ghorayeb et al. 2025</a>",4.04921900000,0.00002600000,0.0223000000,0.0003000000,0.80400000,0.01400000,0.38800000,0.01200000,89.90900,0.06800,,,,0.060000,0.119200,2566.00,-3.25727,0.089800,,"2025-12-18"
"TRAPPIST-1 d","d",0,"<a refstr=GILLON_ET_AL__2017 href=https://ui.adsabs.harvard.edu/abs/2017Natur.542..456G/abstract target=ref>Gillon et al. 2017</a>",4.04961000000,0.00006300000,0.0214400000,0.0006600000,0.77200000,0.03000000,0.41000000,0.27000000,89.75000,0.16000,2457670.14165000,0.00035000,0.070000,0.170000,0.117000,2559.00,-3.28067,0.080200,,"2017-02-17"
"TRAPPIST-1 d","d",0,"<a refstr=GRIMM_ET_AL__2018 href=https://ui.adsabs.harvard.edu/abs/2018A&A...613A..68G/abstract target=ref>Grimm et al. 2018</a>",,,0.0222803800,0.0000004400,0.78400000,0.02300000,0.29700000,0.03900000,,,,,0.008370,,,,,0.089000,,"2020-12-10"
"TRAPPIST-1 d","d",0,"<a refstr=DUCROT_ET_AL__2020 href=https://ui.adsabs.harvard.edu/abs/2020A&A...640A.112D/abstract target=ref>Ducrot et al. 2020</a>",4.04978035000,0.00000266000,0.0222600000,0.0001900000,,,,,89.65000,0.15000,2457670.14630140,0.00001840,,0.235000,0.123400,2520.00,-3.25806,0.089800,,"2022-11-14"
"TRAPPIST-1 e","e",1,"<a refstr=AGOL_ET_AL__2021 href=https://ui.adsabs.harvard.edu/abs/2021PSJ.....2....1A/abstract target=ref>Agol et al. 2021</a>",6.10101300000,0.00003500000,0.0292500000,0.0025000000,0.92000000,0.01300000,0.69200000,0.02200000,89.79300,0.04800,,,,0.191000,0.119200,2566.00,-3.25727,0.089800,,"2022-11-14"
"TRAPPIST-1 e","e",0,"<a refstr=GRIMM_ET_AL__2018 href=https://ui.adsabs.harvard.edu/abs/2018A&A...613A..68G/abstract target=ref>Grimm et al. 2018</a>",,,0.0292828500,0.0000003400,0.91000000,0.02600000,0.77200000,0.07900000,,,,,0.005100,,,,,0.089000,,"2020-12-10"
"TRAPPIST-1 e","e",0,"<a refstr=DUCROT_ET_AL__2020 href=https://ui.adsabs.harvard.edu/abs/2020A&A...640A.112D/abstract target=ref>Ducrot et al. 2020</a>",6.09956479000,0.00000178000,0.0292400000,0.0002500000,,,,,89.66300,0.09200,2457660.36766210,0.00001430,,0.299000,0.123400,2520.00,-3.25806,0.089800,,"2022-11-14"
"TRAPPIST-1 e","e",0,"<a refstr=HIRANO_ET_AL__2020 href=https://ui.adsabs.harvard.edu/abs/2020ApJ...890L..27H/abstract target=ref>Hirano et al. 2020</a>",6.09705000000,0.00096000000,,,,,,,,,2458361.81130000,0.00280000,,,,,,,,"2023-04-17"
"TRAPPIST-1 e","e",0,"<a refstr=GILLON_ET_AL__2017 href=https://ui.adsabs.harvard.edu/abs/2017Natur.542..456G/abstract target=ref>Gillon et al. 2017</a>",6.09961500000,0.00001100000,0.0281700000,0.0008300000,0.91800000,0.03900000,0.62000000,0.58000000,89.86000,0.10000,2457660.37859000,0.00038000,0.085000,0.120000,0.117000,2559.00,-3.28067,0.080200,,"2017-02-17"
"TRAPPIST-1 f","f",1,"<a refstr=AGOL_ET_AL__2021 href=https://ui.adsabs.harvard.edu/abs/2021PSJ.....2....1A/abstract target=ref>Agol et al. 2021</a>",9.20754000000,0.00003200000,0.0384900000,0.0003300000,1.04500000,0.01300000,1.03900000,0.03100000,89.74000,0.01900,,,,0.312000,0.119200,2566.00,-3.25727,0.089800,,"2022-11-14"
"TRAPPIST-1 f","f",0,"<a refstr=GILLON_ET_AL__2017 href=https://ui.adsabs.harvard.edu/abs/2017Natur.542..456G/abstract target=ref>Gillon et al. 2017</a>",9.20669000000,0.00001500000,0.0371000000,0.0011000000,1.04500000,0.03800000,0.68000000,0.18000000,89.68000,0.03400,2457671.39767000,0.00023000,0.063000,0.382000,0.117000,2559.00,-3.28067,0.080200,,"2017-02-17"
"TRAPPIST-1 f","f",0,"<a refstr=GRIMM_ET_AL__2018 href=https://ui.adsabs.harvard.edu/abs/2018A&A...613A..68G/abstract target=ref>Grimm et al. 2018</a>",,,0.0385336100,0.0000004800,1.04600000,0.02900000,0.93400000,0.08000000,,,,,0.010070,,,,,0.089000,,"2020-12-10"
"TRAPPIST-1 f","f",0,"<a refstr=DUCROT_ET_AL__2020 href=https://ui.adsabs.harvard.edu/abs/2020A&A...640A.112D/abstract target=ref>Ducrot et al. 2020</a>",9.20659399000,0.00000212000,0.0387740000,0.0003300000,,,,,89.66600,0.05900,2457671.37372990,0.00001570,,0.391000,0.123400,2520.00,-3.25806,0.089800,,"2022-11-14"
"TRAPPIST-1 f","f",0,"<a refstr=HIRANO_ET_AL__2020 href=https://ui.adsabs.harvard.edu/abs/2020ApJ...890L..27H/abstract target=ref>Hirano et al. 2020</a>",9.21290000000,0.00100000000,,,,,,,,,2458361.85450000,0.00180000,,,,,,,,"2023-04-17"
"TRAPPIST-1 g","g",1,"<a refstr=AGOL_ET_AL__2021 href=https://ui.adsabs.harvard.edu/abs/2021PSJ.....2....1A/abstract target=ref>Agol et al. 2021</a>",12.35244600000,0.00005400000,0.0468300000,0.0004000000,1.12900000,0.01500000,1.32100000,0.03800000,89.74200,0.01200,,,,0.379000,0.119200,2566.00,-3.25727,0.089800,,"2022-11-14"
"TRAPPIST-1 g","g",0,"<a refstr=GRIMM_ET_AL__2018 href=https://ui.adsabs.harvard.edu/abs/2018A&A...613A..68G/abstract target=ref>Grimm et al. 2018</a>",,,0.0468769200,0.0000003200,1.14800000,0.03200000,1.14800000,0.09800000,,,,,0.002080,,,,,0.089000,,"2020-12-10"
"TRAPPIST-1 g","g",0,"<a refstr=GILLON_ET_AL__2017 href=https://ui.adsabs.harvard.edu/abs/2017Natur.542..456G/abstract target=ref>Gillon et al. 2017</a>",12.35294000000,0.00012000000,0.0451000000,0.0014000000,1.12700000,0.04100000,1.34000000,0.88000000,89.71000,0.02500,2457665.34937000,0.00021000,0.061000,0.421000,0.117000,2559.00,-3.28067,0.080200,,"2017-02-17"
"TRAPPIST-1 g","g",0,"<a refstr=DUCROT_ET_AL__2020 href=https://ui.adsabs.harvard.edu/abs/2020A&A...640A.112D/abstract target=ref>Ducrot et al. 2020</a>",12.35355570000,0.00000341000,0.0468152800,0.0004000000,,,,,89.69800,0.04400,2457665.36284390,0.00002060,,0.430000,0.123400,2520.00,-3.25806,0.089800,,"2022-11-14"
"TRAPPIST-1 h","h",1,"<a refstr=AGOL_ET_AL__2021 href=https://ui.adsabs.harvard.edu/abs/2021PSJ.....2....1A/abstract target=ref>Agol et al. 2021</a>",18.77286600000,0.00021400000,0.0618900000,0.0005300000,0.75500000,0.01400000,0.32600000,0.02000000,89.80500,0.01300,,,,0.378000,0.119200,2566.00,-3.25727,0.089800,,"2022-11-14"
"TRAPPIST-1 h","h",0,"<a refstr=GILLON_ET_AL__2017 href=https://ui.adsabs.harvard.edu/abs/2017Natur.542..456G/abstract target=ref>Gillon et al. 2017</a>",20.00000000000,15.00000000000,0.0630000000,0.0270000000,0.75500000,0.03400000,,,89.80000,0.10000,2457662.55463000,0.00056000,,0.450000,0.117000,2559.00,-3.28067,0.080200,,"2017-06-13"
"TRAPPIST-1 h","h",0,"<a refstr=LUGER_ET_AL__2017 href=https://ui.adsabs.harvard.edu/abs/2017NatAs...1E.129L/abstract target=ref>Luger et al. 2017</a>",18.76700000000,0.00400000000,,,0.75200000,0.03200000,,,89.76000,0.05000,2457662.55284000,0.00037000,,0.450000,0.114827,,,0.090778,,"2017-06-13"
"TRAPPIST-1 h","h",0,"<a refstr=DUCROT_ET_AL__2020 href=https://ui.adsabs.harvard.edu/abs/2020A&A...640A.112D/abstract target=ref>Ducrot et al. 2020</a>",18.76727450000,0.00001876000,0.0618656000,0.0005300000,,,,,89.76300,0.03700,2457662.57414860,0.00009130,,0.448000,0.123400,2520.00,-3.25806,0.089800,,"2022-11-14"
"TRAPPIST-1 h","h",0,"<a refstr=GRIMM_ET_AL__2018 href=https://ui.adsabs.harvard.edu/abs/2018A&A...613A..68G/abstract target=ref>Grimm et al. 2018</a>",,,0.0619348800,0.0000008000,0.77300000,0.02600000,0.33100000,0.05600000,,,,,0.005670,,,,,0.089000,,"2020-12-10"
