# companion rule precision appendix (tools/check_companions.py --precision): of 20462 CNS5/GCNS links,
# 4396 give the companion a less precise parallax than its own; in these 114 the root's error is over 3x the
# companion's and the move is over 5%.
id,root,own_plx,own_eplx,root_plx,root_eplx,own_dist_ly,root_dist_ly
1019184817240847616,1019184817239081728,11.051,0.10911,12.469,0.58326,295.1374,261.5738
1230531258703903488,1230531258703715968,13.449,0.11241,12.529,0.6268,242.5135,260.3212
139281533096982784,139281533098990336,20.565,0.0316,21.851,0.5357,158.5978,149.2638
1394141887451421184,1394141887452208512,11.066,0.0134,10.5,0.28653,294.7374,310.6251
1402711171841379328,1402711171841379200,11.37,0.02193,12.141,0.25924,286.8570,268.6405
143119137917418752,143119137916819456,15.009,0.01916,16.604,0.56668,217.3072,196.4324
1433515879878371328,1433515875583067904,17.782,0.0629,18.693,0.29821,183.4194,174.4805
1559177689426946688,1559177689428772224,11.6,0.09653,10.662,0.90778,281.1693,305.9054
1595947454205244800,1595947522924380544,10.04,0.05182,10.707,0.25511,324.8569,304.6198
1610658885423831168,1610658885425227264,19.489,0.03079,18.371,0.40369,167.3541,177.5387
1648882170213765120,1648882170214231936,11.704,0.02464,10.956,0.26555,278.6709,297.6966
1697893450777420288,1697893446482243072,10.213,0.03635,11.107,0.41812,319.3541,293.6494
1751688981312030976,1751688981313851136,18.377,0.08329,19.402,0.41938,177.4808,168.1045
1800384908198960128,1800337972796348800,16.379,0.02741,14.787,0.90179,199.1308,220.5697
1826511022464588416,1826511022509650560,10.15,0.1339,11.647,0.57303,321.3363,280.0347
1841683664448583680,1841683664450418944,13.348,0.09878,12.293,0.77405,244.3485,265.3188
2058215742051405568,2058215746388726016,16.58,0.16757,15.07,0.74979,196.7168,216.4276
2075639672767151232,2075639672767145856,15.588,0.00965,14.607,0.37387,209.2356,223.2877
2082562129251857152,2082562129251855232,11.77,0.00952,10.526,0.51251,277.1082,309.8579
2164802575352243200,2164802575358048128,11.323,0.02769,10.638,0.26321,288.0477,306.5956
2241676236469802624,2241676236470963328,21.22,0.11246,22.851,0.56868,153.7023,142.7318
2294405721759384064,2294405824838599808,22.434,0.0355,21.31,0.43781,145.3849,153.0532
2390140645865479168,2390140439707258368,10.03,0.02232,9.435,0.39286,325.1808,345.6877
244979647465915904,244979647464623616,10.151,0.06083,11.206,0.52682,321.3047,291.0551
2642409535727129344,2642409535727129472,19.523,0.02055,17.997,0.65041,167.0626,181.2282
2793466456104092416,2793466456104092288,11.645,0.01824,12.356,0.34311,280.0828,263.9660
282550681338029440,282550677041104000,17.213,0.09767,16.235,0.47184,189.4826,200.8971
2958502979634479616,2958502979637136640,9.972,0.05216,11.0,0.3613,327.0722,296.5058
2979536602715684992,2979536598418385408,9.753,0.12096,11.107,0.58303,334.4165,293.6494
3066498145585607424,3066501100524306176,20.06,0.06895,21.44,0.77938,162.5904,152.1252
3119329610585138816,3119329610586265600,10.787,0.0762,12.286,0.56277,302.3606,265.4699
3191978466996536192,3191978466996536320,11.377,0.02972,10.789,0.31914,286.6805,302.3045
3217691744711562368,3217691749004793728,11.74,0.02572,10.738,0.33663,277.8163,303.7403
3220337139620609152,3220337139620598784,11.016,0.13149,9.498,0.51671,296.0751,343.3948
3262070684000303744,3262070684000522112,10.164,0.02131,9.554,0.39713,320.8937,341.3820
3415602501973357696,3415602501975332352,11.927,0.04916,11.164,0.39671,273.4605,292.1501
3435679000183848832,3435679000184114432,10.978,0.02621,12.126,0.48921,297.1000,268.9728
3463052132428302720,3463052132429931648,9.889,0.06861,11.071,0.72811,329.8174,294.6043
3491184271297113216,3491184271297113088,10.265,0.02566,10.891,0.26171,317.7364,299.4733
3494369586547226752,3494369590843320960,9.753,0.1412,10.834,0.64467,334.4165,301.0489
359921081202850816,359921076909873920,9.925,0.09563,9.277,0.37934,328.6210,351.5753
3633015155245986816,3633015155246198656,21.759,0.0287,20.611,0.44549,149.8949,158.2438
3690781915621398016,3690781915621397888,15.078,0.02962,16.106,0.58046,216.3128,202.5061
3717597144503511424,3717597148796977152,10.411,0.03974,10.936,0.3439,313.2805,298.2410
3778262324902295040,3778262324902294784,12.851,0.02191,12.14,0.25961,253.7984,268.6626
3787592299540071168,3787592295243581312,10.817,0.04497,9.998,0.41971,301.5220,326.2216
4016513747177956992,4016525498208900096,10.428,0.06781,9.391,0.52033,312.7698,347.3074
4075701729424047232,4075701763795658240,10.355,0.07848,11.41,0.752,314.9748,285.8513
411495117208795392,411495117216133888,13.695,0.06149,15.52,0.72983,238.1573,210.1523
4228511546202063744,4228511546204844800,10.947,0.14047,10.055,0.54693,297.9413,324.3723
4249901372402047104,4249901372395460480,16.9,0.03601,17.769,0.19525,192.9919,183.5536
4254893125209079424,4254893120834271488,10.069,0.02197,9.112,0.44979,323.9213,357.9416
4296063169833346176,CNS5:4855,38.685,0.02361,36.41999816894531,4.58,84.3108,89.5542
4311683450463220480,4311683450495420544,14.178,0.08182,15.7,0.61264,230.0440,207.7429
4332086847210604032,4332086847212477568,10.851,0.02095,9.67,0.39875,300.5773,337.2868
435631630826156800,435631630822509440,10.87,0.06585,10.022,0.4288,300.0519,325.4404
4356442919556951296,4356442919556951424,20.036,0.04251,21.584,0.70357,162.7852,151.1103
4397577642411667456,4397577195735557760,15.587,0.07271,16.411,0.26536,209.2490,198.7425
4464222271984222592,4464222271986925312,14.111,0.12262,14.849,0.4496,231.1363,219.6487
4481507625569237376,4481507625573628800,12.199,0.12903,13.431,0.43781,267.3632,242.8385
4495702286326076288,4495702664284068736,10.371,0.0236,9.55,0.29551,314.4888,341.5250
4571813711013350912,4571813711010621952,11.346,0.07274,10.347,0.55998,287.4638,315.2183
4595441868000475520,CNS5:4349,31.066,0.01515,33.90999984741211,3.88,104.9882,96.1829
470677945491268736,470677945489267712,10.988,0.03265,11.897,0.46437,296.8296,274.1501
4809519397563610368,4809519397563611008,10.936,0.01637,11.988,0.48121,298.2410,272.0691
4816542974762194816,4816542974761128320,10.709,0.01683,11.306,0.23128,304.5629,288.4808
4894822254129488128,4894822224067483904,11.441,0.10195,12.241,0.54788,285.0768,266.4459
4954268041775746816,4954268037479619072,10.956,0.04489,11.572,0.2801,297.6966,281.8496
4975675979846660608,4975675979846583296,22.052,0.03281,19.501,1.08173,147.9033,167.2511
4987210853251369216,4987210848956089472,10.253,0.01769,9.534,0.32738,318.1082,342.0982
4987210853252402176,4987210848956089472,10.318,0.0669,9.534,0.32738,316.1043,342.0982
5042763506446031360,5042763506446861952,16.225,0.09197,17.086,0.28204,201.0209,190.8910
5115230634206276608,5115230629910591616,9.963,0.04891,10.488,0.38893,327.3676,310.9805
5125084904089980544,5125084904090987264,15.888,0.14346,16.83,0.43863,205.2847,193.7946
5134096535751748096,5134096531456612864,9.894,0.10304,11.037,0.39669,329.6507,295.5118
5161142288412626304,5161142288412836992,13.824,0.15846,12.019,0.76485,235.9349,271.3673
5222876018025939968,5222876018025942656,12.037,0.12913,11.388,0.47881,270.9615,286.4036
5231827515851944704,5231827515845768448,10.723,0.04121,12.169,0.52287,304.1652,268.0223
5238791173978402304,5238791169661093632,11.955,0.1547,10.986,0.55536,272.8201,296.8836
5343645413170570880,5343645447530310272,14.726,0.04767,15.644,0.41895,221.4833,208.4866
5407543084728641152,5407543084728641408,13.873,0.06337,12.912,0.3157,235.1015,252.5994
5437571297030095360,5437571297030095232,13.82,0.03118,14.901,0.40878,236.0032,218.8822
5454570640145628800,5454570640143834496,13.575,0.07319,12.812,0.68027,240.2625,254.5710
5480519595597633408,5480519595597633024,16.342,0.09476,17.311,0.39392,199.5817,188.4099
5559704601965623680,5559704601966334848,16.418,0.02703,17.791,0.81703,198.6578,183.3266
5581808599611967232,5581808599613844224,10.941,0.10618,10.09,0.44447,298.1047,323.2472
5731281673490154240,5731281707850788480,12.399,0.03678,14.473,0.84739,263.0506,225.3551
5790161689388304896,5790161689395101696,11.901,0.03695,12.909,0.40374,274.0580,252.6581
5824228167429669376,5824228167411837952,9.537,0.3519,10.446,1.33727,341.9905,312.2309
5856107682403552256,5856107682432065536,11.181,0.05378,12.468,0.55368,291.7059,261.5948
5904937646628564352,5904937646645716992,18.206,0.09275,19.344,0.39095,179.1477,168.6085
5907701028596675200,5907701028596674816,15.89,0.06654,16.753,0.42536,205.2589,194.6854
5975663354131618304,CNS5:4252,138.10825111442466,0.03184268,146.2899932861328,9.03,23.6160,22.2952
6036120928693496320,CNS5:3950,40.83793862156023,0.20467521,43.66999816894531,2.14,79.8660,74.6866
6036120928708232448,CNS5:3950,40.74588324101154,0.07494666,43.66999816894531,2.14,80.0465,74.6866
6062897988210000512,6062898091306143360,12.429,0.07537,11.497,0.32289,262.4156,283.6882
6063610845398568960,6063610849723489280,13.663,0.18085,11.605,0.84562,238.7151,281.0481
6067103826348660736,6067103826336954112,16.668,0.08239,17.563,0.34676,195.6782,185.7065
6076931673594049280,6076931673580365184,11.44,0.1169,12.341,0.35292,285.1017,264.2868
6388340064082468352,6388340059787622400,10.899,0.0218,11.583,0.24492,299.2535,281.5820
6443749334090478976,6443749334090478592,16.972,0.02271,18.314,0.6264,192.1732,178.0913
649995510151524480,649995510151524736,14.145,0.08616,12.805,0.53077,230.5807,254.7102
663621001840331136,663621001840332032,10.403,0.04001,12.028,0.70269,313.5215,271.1643
6737471044974632448,6737471049270009728,9.902,0.07076,11.156,0.75997,329.3843,292.3596
6762353237922724224,6762353237931307136,17.005,0.10185,16.153,0.33991,191.8003,201.9169
6798697422981741056,6798697216824050304,17.612,0.14255,19.134,0.49802,185.1899,170.4591
6829470412684019456,6829470416978737408,12.208,0.05333,11.585,0.43473,267.1661,281.5333
6862680134906545792,6862680130608577408,13.72,0.08549,12.509,0.73649,237.7233,260.7374
803869894716690304,803869894713096192,17.296,0.12227,15.927,0.82695,188.5733,204.7821
873882053528582016,873882053528582656,14.009,0.06803,13.203,0.27501,232.8192,247.0320
894605751767325440,894605751767325568,10.296,0.02981,9.268,0.53398,316.7797,351.9167
925569545392733696,925569751551164288,10.63,0.01702,10.054,0.30569,306.8263,324.4046
927665180194777600,927665180195455488,17.397,0.04237,15.996,0.47107,187.4785,203.8987
981859455494272128,981859455493026944,10.42,0.08311,11.344,0.51849,313.0100,287.5144
