# Linsky, Redfield & Tilipman 2019, ApJ 886, 41, Table 2 "LIC Cloud Sight Line Properties"
# Transcribed from the arXiv:1910.01243v1 LaTeX source (innerlism.tex, label tab:licmem), every row.
# d_edge_obs = N(H I) / n_HI with n_HI = 0.2 cm^-3 (their Section 4); used = 1 when the paper lists sigma (rows without sigma are footnotes b/c/d: ignored by the paper).
# star	hd	l_deg	b_deg	d_pc	dedge_obs_pc	dedge_err_pc	dedge_model_pc	used
alf CMa A	48915	227.2	-8.9	2.64	0.28	0.11	0.24	1
alf CMa B	48915B	227.2	-8.9	2.64	0.67	0.16	0.24	1
eps Eri	22049	195.8	-48.1	3.22	1.11	0.16	0.91	1
alf CMi	61421	213.7	13.0	3.51	1.25	0.12	0.38	1
eps Ind	209100	336.2	-48.0	3.62	1.65	0.38	0.13	1
tau Cet	10700	173.1	-73.4	3.65	1.58	0.32	1.18	1
40 Eri A	26965	200.8	-38.1	4.98	1.11	0.26	0.79	1
eta Cas A	4614	122.6	-5.1	5.95	2.04	0.67	2.63	1
alf Lyr	172167	67.5	19.2	7.68	8.1	2.8	0.63	1
alf PsA	216956	20.5	-64.9	7.7	2.9	1.0	0.57	1
chi1 Ori	39587	188.5	-2.7	8.66	0.992	0.034	1.35	1
del Eri	23249	198.1	-46.0	9.04	1.18	0.24	0.86	1
CF UMa	103095	168.5	73.8	9.09	1.7	1.1	0.32	1
kap1 Cet	20630	178.2	-43.1	9.14	0.50	0.15	1.36	1
EP Eri	17925	192.1	-58.3	10.4	1.40	0.32	1.0	1
bet Gem	62509	192.2	23.4	10.4	1.65	0.38	1.08	1
13 Per	16895	141.2	-9.6	11.1	3.09	0.81	3.0	1
gam Ser	142860	27.7	45.7	11.3	1.62	0.56	0.13	1
HR 1925	37394	158.4	11.9	12.3	2.81	0.56	2.45	1
alf Aur	34029	162.6	4.6	13.1	2.86	0.15	2.5	1
HR 8	166	111.3	-32.8	13.7	3.04	0.61	2.51	1
72 Her	157214	55.9	32.3	14.3	160	170	0.36	0
pi1 UMa	72905	150.6	35.7	14.4	2.22	0.12	1.96	1
V1119 Tau	35296	187.2	-10.3	14.4	0.66	0.21	1.38	1
99 Her	165908	57.0	22.3	15.6	14.1	5.8	0.43	0
sig Boo	128167	45.6	67.2	15.8	0.50	0.21	0.18	1
sig Boo	128167	45.6	67.2	15.8	0.076	0.047	0.18	0
bet Cas	432	117.5	-3.3	16.8	2.49	0.46	2.42	1
tau6 Eri	23754	217.4	-50.3	17.6	3.9	1.5	0.56	1
tau6 Eri	23754	217.4	-50.3	17.6	4.6	2.7	0.56	0
DX Leo	82443	201.2	46.1	17.8	0.79	0.28	0.44	1
V368 Cep	220140	118.5	16.9	19.2	1.40	0.32	1.81	1
alf Tri	11443	138.6	-31.4	19.4	2.07	0.48	3.12	1
HR 4345	97334	184.3	67.3	21.9	1.04	0.21	0.35	1
SAO 136111	73350	232.1	20.0	24.0	2.27	0.45	0.15	1
lam And	222107	109.9	-14.5	26.4	4.97	1.72	2.07	1
lam And	222107	109.9	-14.5	26.4	6.3	4.1	2.32	1
lam And	222107	109.9	-14.5	26.4	6.6	5.0	2.32	0
sig Cet	15798	191.1	-63.8	26.7	11.7	4.1		0
HR 860	17948	137.2	2.2	26.7	3.02	0.80	2.76	1
SAO 32862	198084	94.4	9.1	27.3	4.8	1.3	1.28	1
eta Ari	13555	147.1	-37.8	28.9	1.82	0.51	3.03	1
PW And	1405	114.6	-31.4	29.0	1.76	0.41	2.64	1
SAO 85045	157466	47.5	29.8	29.3	38	33	0.27	0
SAO 85045	157466	47.5	29.8	29.3	63	93	0.27	0
del Cas	8538	127.2	-2.4	30.5	2.8	1.7	2.69	1
HR 1099	22468	184.9	-41.6	30.7	1.193	0.088	1.16	1
alf Gru	209952	350.0	-52.5	31.0	7.2	2.6	0.18	1
alf Gru	209952	350.0	-52.5	31.0	28	21	0.18	0
DK UMa	82210	142.6	38.9	31.9	1.434	0.049	1.78	1
eps Gru	215789	338.3	-56.5	39.5	5.5	1.9	0.18	1
eps Gru	215789	338.3	-56.5	39.5	40	24	0.18	0
101 Tau	31845	185.1	-16.0	40.8	1.38	0.80	1.46	1
SAO 93981	28568	180.5	-21.4	41.5	1.685	0.089	1.72	1
SAO 111879	28736	190.2	-27.6	43.5	2.0	1.2	1.08	1
V471 Tau		172.5	-27.9	44.1	2.50	0.50	2.2	1
SAO 76593	27808	174.8	-19.1	44.3	3.2	2.0	2.14	1
SAO 76683	29419	176.0	-15.6	44.5	2.2	1.3	2.09	1
SAO 93982	28608	185.1	-24.7	44.7	1.17	0.69	1.33	1
SAO 93831	26784	182.4	-27.9	45.0	0.93	0.60	1.45	1
SAO 94033	29225	181.6	-20.5	45.7	2.1	1.2	1.65	1
SAO 93963	28406	178.8	-20.6	46.4	2.1	1.2	1.86	1
SAO 93945	28237	183.7	-24.7	46.4	1.17	0.74	1.42	1
V993 Tau	28205	180.4	-22.4	47.0	1.572	0.054	1.72	1
SAO 76609	28033	175.4	-18.9	49.4	2.22	0.12	2.11	1
SAO 56530	21847	156.2	-16.6	49.5	6.2	6.3	2.9	0
SAO 93885	27561	180.4	-24.3	52.4	1.41	0.83	1.68	1
SAO 93913	27848	178.6	-22.0	53.5	1.6	1.3	1.86	1
HR 1608	32008	209.6	-29.4	54.0	1.09	0.22	0.59	1
45 Aur	43905	161.1	17.3	59.2	2.24	0.60	2.29	1
G191-B2B		156.0	7.1	59.9	2.38	0.18	2.59	1
iot Cap	203387	33.6	-40.8	60.3	1.3	1.0	0.5	1
eta Aur	32630	165.4	0.3	74.6	1.41	0.45	2.48	1
Feige 24		166.0	-50.3	91.7	1.61	0.52	1.67	1
