# Redfield & Linsky 2008, ApJ 673, 283, Tables 1-15 ("<cloud> Cloud Sight Line Properties"): cloud, star, HD, d, log N(H I) (blank where the paper gives none).
# Transcribed from the arXiv:0709.4480v1 LaTeX source (ms.tex). ra/dec: ICRS degrees from SIMBAD (sim-tap, 2026-10-09), for the members within 15 pc only (AC6a).
# cloud	star	hd	d_pc	log_nhi	ra_deg	dec_deg	simbad_id
LIC	alf CMa A	48915	2.6	17.2	101.28715533333335	-16.71611586111111	* alf CMa
LIC	alf CMa B	48915B	2.6	17.6	101.28876746876543	-16.716867983351943	* alf CMa B
LIC	eps Eri	22049	3.2	17.8	53.23268537982792	-9.458260970518056	* eps Eri
LIC	alf CMi	61421	3.5	17.9	114.82549790798149	5.224987557059477	* alf CMi
LIC	eps Ind	209100	3.6	18.0	330.8402234423433	-56.785978554364995	* eps Ind
LIC	tau Cet	10700	3.6	18.0	26.01701307163417	-15.93747989102139	* tau Cet
LIC	40 Eri A	26965	5.0	17.8	63.817998412477074	-7.652869660838334	* omi02 Eri
LIC	eta Cas A	4614	6.0		12.276227476217503	57.81517728880999	* eta Cas
LIC	alf PsA	216956	7.7		344.4126927211701	-29.622237033389442	* alf PsA
LIC	alf Lyr	172167	7.8		279.234734787025	38.783688956244	* alf Lyr
LIC	chi1 Ori	39587	8.7	17.8	88.59576245541668	20.276172788333334	* chi01 Ori
LIC	del Eri	23249	9.0	17.9	55.81208557481292	-9.763391932194168	* del Eri
LIC	kap1 Cet	20630	9.2	17.5	49.840401739905	3.370198605523333	* kap01 Cet
LIC	CF UMa	103095	9.2		178.2448639115646	37.718681698090286	HD 103095
LIC	bet Gem	62509	10.3	18.0	116.32895777437875	28.02619889009357	* bet Gem
LIC	EP Eri	17925	10.4	18.0	43.13386744000459	-12.769713348950832	HD  17925
LIC	gam Ser	142806	11.1		239.38329001004456	-27.166777130439446	HD 142806
LIC	13 Per	16895	11.2		41.04994423087624	49.228448519215	* tet Per
LIC	HR 1925	37394	12.2	18.3	85.33473200017959	53.481058005190555	HD  37394
LIC	alf Aur	34029	12.9	18.2	79.17232794433404	45.99799146983673	* alf Aur
LIC	HR 8	166	13.7	18.3	1.6532666952450004	29.021503526080565	HD    166
LIC	alf Oph	159561	14.3		263.73362272030505	12.560037391671425	* alf Oph
LIC	72 Her	157214	14.4		260.1648643743333	32.46774387746111	* w Her
LIC	alf Cep	203280	15.0		319.6448846972256	62.5855744637194	* alf Cep
LIC	sig Boo	128167	15.5				
LIC	99 Her	165908	15.7				
LIC	bet Cas	432	16.7	18.2			
LIC	DX Leo	82443	17.7	17.7			
LIC	tau6 Eri	23754	17.9				
LIC	V368 Cep	220140	19.7	18.0			
LIC	alf Tri	11443	19.7	18.1			
LIC	HR 4345	97334	21.7	17.8			
LIC	PW And	1405	21.9	18.1			
LIC	SAO 136111	73350	23.6	18.2			
LIC	del UMa	106591	25.0				
LIC	bet Aur	40183	25.2				
LIC	gam UMa	103287	25.6				
LIC	lam And	222107	25.8	18.5			
LIC	sig Cet	15798	25.8				
LIC	tau3 Eri	18978	26.4				
LIC	HR 860	17948	26.5				
LIC	SAO 32862	198084	27.1				
LIC	HR 1099	22468	29.0	17.9			
LIC	\theta Peg	210418	29.6				
LIC	SAO 85045	157466	29.8				
LIC	eta Ari	13555	30.1				
LIC	del Cas	8538	30.5				
LIC	alf Gru	209952	31.1				
LIC	alf Lac	213558	31.4				
LIC	DK UMa	82210	32.4	17.9			
LIC	eps Gru	215789	39.7				
LIC	SAO 76593	27808	40.9				
LIC	SAO 93981	28568	41.2	18.0			
LIC	SAO 111879	28736	43.2				
LIC	101 Tau	31845	43.3				
LIC	SAO 94033	29225	43.5				
LIC	SAO 93982	28608	43.6				
LIC	SAO 76683	29419	44.2				
LIC	V993 Tau	28205	45.8	18.0			
LIC	SAO 93963	28406	46.3				
LIC	SAO 76609	28033	46.4	18.2			
LIC	V471 Tau		46.8	18.2			
LIC	SAO 93945	28237	47.2				
LIC	SAO 93831	26784	47.4				
LIC	gam Aqr	212061	48.4				
LIC	SAO 56530	21847	48.9				
LIC	SAO 93885	27561	51.4				
LIC	kap And	222439	52.0				
LIC	del Cyg	186882	52.4				
LIC	SAO 93913	27848	53.4				
LIC	HR 1608	32008	54.7	17.8			
LIC	45 Aur	43905	57.0				
LIC	zet Peg	214923	64.1				
LIC	iot Cap	203387	66.1	17.9			
LIC	eta Aur	32630	67.2				
LIC	G191-B2B		68.8	18.2			
LIC	iot Oph	152614	71.7				
LIC	Feige 24		74.4	18.1			
LIC	gam Ori	35468	74.5				
G	alf Cen B	128621	1.3	17.6	219.89609628987276	-60.83752756558407	* alf Cen B
G	alf Cen A	128620	1.3	17.6	219.90205833170774	-60.83399268831004	* alf Cen A
G	70 Oph	165341	5.1	17.8	271.363688269495	2.5000988299620857	*  70 Oph
G	36 Oph A	155886	5.5	17.8	258.8365985355513	-26.601699224429723	*  36 Oph A
G	alf Lyr	172167	7.8		279.234734787025	38.783688956244	* alf Lyr
G	AB Dor	36705	14.9		82.18696340245	-65.44866642978	V* AB Dor
G	LQ Hya	82558	18.3	18.8			
G	alf Hyi	12311	21.9				
G	del Vel	74956	24.4				
G	zet Aql	177724	25.5				
G	sig Cet	15798	25.8				
G	tau3 Eri	18978	26.4				
G	HR 4023	88955	31.5				
G	SAO 68491	184499	32.0				
G	bet Car	80007	34.1				
G	mu Vel	93497	35.3	18.5			
G	bet Lib	135742	49.1				
G	o Ser	160613	51.5				
G	SAO 159459	140283	57.3				
G	nu Ser	156928	59.3				
G	HD 141569	141569	99.0				
Blue	alf CMa A	48915	2.6	17.2	101.28715533333335	-16.71611586111111	* alf CMa
Blue	alf CMa B	48915B	2.6		101.28876746876543	-16.716867983351943	* alf CMa B
Blue	EP Eri	17925	10.4		43.13386744000459	-12.769713348950832	HD  17925
Blue	zet Dor	33262	11.7	17.8	76.37773197557	-57.47270469412	* zet Dor
Blue	HR 2225	43162	16.7	17.9			
Blue	bet Pic	39060	19.3				
Blue	HR 2882	59967	21.8	18.5			
Blue	sig Cet	15798	25.8				
Blue	bet Car	80007	34.1				
Blue	alf Car	45348	95.9				
Aql	61 Cyg A	201091	3.5	17.8	316.7247482895925	38.74941731943694	*  61 Cyg A
Aql	alf Aql	187642	5.1	17.9	297.69582729638694	8.868321196436963	* alf Aql
Aql	70 Oph	165341	5.1	17.1	271.363688269495	2.5000988299620857	*  70 Oph
Aql	HR 6748	165185	17.4	18.1			
Aql	zet Aql	177724	25.5				
Aql	lam Aql	177756	38.4				
Aql	BO Mic	197890	44.4				
Aql	del Cyg	186882	52.4				
Aql	alf Del	196867	73.8				
Eri	61 Cyg A	201091	3.5	17.8	316.7247482895925	38.74941731943694	*  61 Cyg A
Eri	alf Aql	187642	5.1	17.9	297.69582729638694	8.868321196436963	* alf Aql
Eri	lam Aql	177756	38.4				
Eri	alf Peg	218045	42.8				
Eri	V376 Peg	209458	47.1	18.4			
Eri	\upsilon Peg	220657	53.1	17.9			
Eri	alf Del	196867	73.8				
Eri	\theta Aql	191692	88.0				
Aur	alf CMi	61421	3.5	17.6	114.82549790798149	5.224987557059477	* alf CMi
Aur	LQ Hya	82558	18.3				
Aur	alf Tau	29139	20.0	17.8			
Aur	SAO 93801	26345	43.1				
Aur	SAO 93973	28483	50.2				
Aur	gam Crv	106625	50.6				
Aur	45 Aur	43905	57.0				
Aur	eta Aur	32630	67.2				
Aur	HR 2324	45320	70.1				
Hyades	EV Lac		5.0	18.0	341.70721358761165	44.33399288376722	V* EV Lac
Hyades	kap1 Cet	20630	9.2	17.5	49.840401739905	3.370198605523333	* kap01 Cet
Hyades	alf Tri	11443	19.7	17.8			
Hyades	HR 1099	22468	29.0	17.6			
Hyades	SAO 93801	26345	43.1				
Hyades	SAO 111879	28736	43.2				
Hyades	SAO 76683	29419	44.2				
Hyades	V993 Tau	28205	45.8				
Hyades	SAO 93831	26784	47.4				
Hyades	SAO 93885	27561	51.4				
Hyades	\upsilon Peg	220657	53.1	17.4			
Hyades	45 Aur	43905	57.0				
Hyades	eta Aur	32630	67.2				
Hyades	G191-B2B		68.8	17.4			
Mic	alf Aql	187642	5.1	17.5	297.69582729638694	8.868321196436963	* alf Aql
Mic	alf PsA	216956	7.7		344.4126927211701	-29.622237033389442	* alf PsA
Mic	alf Lyr	172167	7.8		279.234734787025	38.783688956244	* alf Lyr
Mic	AU Mic	197481	9.9	18.2	311.28971873921626	-31.34089941384472	HD 197481
Mic	alf Oph	159561	14.3		263.73362272030505	12.560037391671425	* alf Oph
Mic	99 Her	165908	15.7				
Mic	alf CrB	139006	22.9				
Mic	bet Cet	4128	29.4	16.9			
Mic	SAO 68491	184499	32.0				
Mic	lam Aql	177756	38.4				
Mic	bet Ser	141003	46.9				
Mic	lam Oph	148857	50.9				
Mic	del Cyg	186882	52.4				
Mic	iot Cap	203387	66.1	18.1			
Mic	\theta CrB	138749	95.3				
Oph	70 Oph	165341	5.1	17.5	271.363688269495	2.5000988299620857	*  70 Oph
Oph	gam Ser	142806	11.1		239.38329001004456	-27.166777130439446	HD 142806
Oph	alf Oph	159561	14.3		263.73362272030505	12.560037391671425	* alf Oph
Oph	72 Her	157214	14.4		260.1648643743333	32.46774387746111	* w Her
Oph	gam Oph	161868	29.1				
Oph	SAO 68491	184499	32.0				
Gem	ksi Boo A	131156	6.7	17.9	222.8474163722046	19.100472048411426	* ksi Boo
Gem	bet Gem	62509	10.3	17.8	116.32895777437875	28.02619889009357	* bet Gem
Gem	alf Boo	124897	11.3		213.915300294925	19.1824091615312	* alf Boo
Gem	del Crv	108767	26.9				
Gem	HR 4803	109799	34.6				
Gem	sig Gem	62044	37.5	17.7			
Gem	bet Ser	141003	46.9				
Gem	bet Lib	135742	49.1				
Gem	gam Crv	106625	50.6				
Gem	c2 Cen	129685	63.5				
NGP	61 Vir	115617	8.5	17.9	199.60130827686294	-18.311193819050562	*  61 Vir
NGP	alf Oph	159561	14.3		263.73362272030505	12.560037391671425	* alf Oph
NGP	chi Her	142373	15.9	18.2			
NGP	iot Cen	115892	18.0				
NGP	SAO 28753	116956	21.9	18.2			
NGP	iot Leo	99028	24.2				
NGP	eta UMa	120315	30.9	17.9			
NGP	iot Dra	137759	31.3				
NGP	HZ 43		32.0	18.0			
NGP	alf2 CVn	112413	33.8				
NGP	HR 4803	109799	34.6				
NGP	c2 Cen	129685	63.5				
NGP	GD 153		70.5	17.9			
NGP	31 Com	111812	94.2	18.0			
NGP	\theta CrB	138749	95.3				
Leo	bet Leo	102647	11.1		177.26490975591017	14.572058064829658	* bet Leo
Leo	HR 4657	106516	22.6	18.6			
Leo	alf Leo	87901	23.8				
Leo	iot Leo	99028	24.2				
Leo	HR 4803	109799	34.6				
Leo	bet Ser	141003	46.9				
Leo	alf Vir	116658	80.4				
Dor	zet Dor	33262	11.7	18.1	76.37773197557	-57.47270469412	* zet Dor
Dor	tau6 Eri	23754	17.9				
Dor	eps Gru	215789	39.7				
Dor	alf Eri	10144	44.1				
Vel	AB Dor	36705	14.9		82.18696340245	-65.44866642978	V* AB Dor
Vel	SAO 254993	254993	20.5	18.8			
Vel	alf Hyi	12311	21.9				
Vel	del Vel	74956	24.4				
Vel	alf Eri	10144	44.1				
Vel	BO Mic	197890	44.4	18.3			
Vel	alf Pav	193924	56.2				
Cet	sig Boo	128167	15.5				
Cet	del Vel	74956	24.4				
Cet	bet Cet	4128	29.4	18.5			
Cet	HR 4023	88955	31.5				
Cet	alf Eri	10144	44.1				
