# Spherical ear triangulation of rl08_outline_vertices.tsv; indices are zero-based within each cloud.
# cloud	a	b	c
G	42	0	1
G	42	1	2
G	4	5	6
G	4	6	7
G	4	7	8
G	4	8	9
G	3	4	9
G	3	9	10
G	11	12	13
G	13	14	15
G	13	15	16
G	11	13	16
G	11	16	17
G	11	17	18
G	11	18	19
G	10	11	19
G	10	19	20
G	3	10	20
G	3	20	21
G	2	3	21
G	23	24	25
G	23	25	26
G	23	26	27
G	22	23	27
G	27	28	29
G	22	27	29
G	22	29	30
G	22	30	31
G	21	22	31
G	21	31	32
G	21	32	33
G	21	33	34
G	21	34	35
G	2	21	35
G	42	2	35
G	42	35	36
G	42	36	37
G	42	37	38
G	42	38	39
G	42	39	40
G	40	41	42
Blue	17	0	1
Blue	17	1	2
Blue	17	2	3
Blue	17	3	4
Blue	17	4	5
Blue	17	5	6
Blue	17	6	7
Blue	17	7	8
Blue	8	9	10
Blue	8	10	11
Blue	8	11	12
Blue	8	12	13
Blue	8	13	14
Blue	8	14	15
Blue	8	15	16
Blue	8	16	17
Aql	23	0	1
Aql	23	1	2
Aql	23	2	3
Aql	4	5	6
Aql	3	4	6
Aql	3	6	7
Aql	23	3	7
Aql	23	7	8
Aql	23	8	9
Aql	23	9	10
Aql	23	10	11
Aql	11	12	13
Aql	11	13	14
Aql	11	14	15
Aql	11	15	16
Aql	11	16	17
Aql	23	11	17
Aql	23	17	18
Aql	23	18	19
Aql	23	19	20
Aql	23	20	21
Aql	21	22	23
Eri	16	0	1
Eri	16	1	2
Eri	16	2	3
Eri	16	3	4
Eri	16	4	5
Eri	16	5	6
Eri	16	6	7
Eri	16	7	8
Eri	16	8	9
Eri	16	9	10
Eri	16	10	11
Eri	16	11	12
Eri	16	12	13
Eri	13	14	15
Eri	13	15	16
Aur	31	0	1
Aur	31	1	2
Aur	31	2	3
Aur	31	3	4
Aur	4	5	6
Aur	31	4	6
Aur	31	6	7
Aur	14	15	16
Aur	13	14	16
Aur	12	13	16
Aur	12	16	17
Aur	12	17	18
Aur	12	18	19
Aur	11	12	19
Aur	10	11	19
Aur	10	19	20
Aur	9	10	20
Aur	9	20	21
Aur	9	21	22
Aur	9	22	23
Aur	8	9	23
Aur	8	23	24
Aur	7	8	24
Aur	7	24	25
Aur	7	25	26
Aur	7	26	27
Aur	31	7	27
Aur	31	27	28
Aur	31	28	29
Aur	29	30	31
Hyades	31	0	1
Hyades	31	1	2
Hyades	31	2	3
Hyades	31	3	4
Hyades	8	9	10
Hyades	8	10	11
Hyades	7	8	11
Hyades	6	7	11
Hyades	6	11	12
Hyades	6	12	13
Hyades	5	6	13
Hyades	5	13	14
Hyades	14	15	16
Hyades	14	16	17
Hyades	14	17	18
Hyades	5	14	18
Hyades	5	18	19
Hyades	5	19	20
Hyades	5	20	21
Hyades	5	21	22
Hyades	5	22	23
Hyades	4	5	23
Hyades	4	23	24
Hyades	4	24	25
Hyades	4	25	26
Hyades	4	26	27
Hyades	4	27	28
Hyades	4	28	29
Hyades	4	29	30
Hyades	4	30	31
Mic	48	0	1
Mic	48	1	2
Mic	48	2	3
Mic	48	3	4
Mic	4	5	6
Mic	4	6	7
Mic	7	8	9
Mic	7	9	10
Mic	13	14	15
Mic	12	13	15
Mic	12	15	16
Mic	12	16	17
Mic	12	17	18
Mic	19	20	21
Mic	18	19	21
Mic	18	21	22
Mic	22	23	24
Mic	18	22	24
Mic	24	25	26
Mic	18	24	26
Mic	18	26	27
Mic	18	27	28
Mic	18	28	29
Mic	18	29	30
Mic	18	30	31
Mic	12	18	31
Mic	12	31	32
Mic	12	32	33
Mic	11	12	33
Mic	11	33	34
Mic	11	34	35
Mic	10	11	35
Mic	10	35	36
Mic	7	10	36
Mic	7	36	37
Mic	7	37	38
Mic	7	38	39
Mic	7	39	40
Mic	7	40	41
Mic	7	41	42
Mic	7	42	43
Mic	7	43	44
Mic	4	7	44
Mic	4	44	45
Mic	4	45	46
Mic	48	4	46
Mic	46	47	48
Oph	22	0	1
Oph	22	1	2
Oph	22	2	3
Oph	22	3	4
Oph	5	6	7
Oph	5	7	8
Oph	5	8	9
Oph	5	9	10
Oph	4	5	10
Oph	4	10	11
Oph	4	11	12
Oph	22	4	12
Oph	22	12	13
Oph	22	13	14
Oph	22	14	15
Oph	22	15	16
Oph	22	16	17
Oph	22	17	18
Oph	22	18	19
Oph	22	19	20
Oph	20	21	22
Gem	34	0	1
Gem	34	1	2
Gem	34	2	3
Gem	34	3	4
Gem	34	4	5
Gem	34	5	6
Gem	34	6	7
Gem	9	10	11
Gem	9	11	12
Gem	9	12	13
Gem	15	16	17
Gem	14	15	17
Gem	14	17	18
Gem	13	14	18
Gem	13	18	19
Gem	9	13	19
Gem	9	19	20
Gem	9	20	21
Gem	9	21	22
Gem	9	22	23
Gem	8	9	23
Gem	8	23	24
Gem	8	24	25
Gem	8	25	26
Gem	7	8	26
Gem	7	26	27
Gem	34	7	27
Gem	34	27	28
Gem	28	29	30
Gem	28	30	31
Gem	34	28	31
Gem	34	31	32
Gem	32	33	34
NGP	25	0	1
NGP	25	1	2
NGP	25	2	3
NGP	25	3	4
NGP	4	5	6
NGP	4	6	7
NGP	25	4	7
NGP	25	7	8
NGP	25	8	9
NGP	25	9	10
NGP	10	11	12
NGP	10	12	13
NGP	10	13	14
NGP	10	14	15
NGP	10	15	16
NGP	10	16	17
NGP	25	10	17
NGP	25	17	18
NGP	25	18	19
NGP	25	19	20
NGP	20	21	22
NGP	20	22	23
NGP	25	20	23
NGP	23	24	25
Leo	25	0	1
Leo	25	1	2
Leo	5	6	7
Leo	5	7	8
Leo	4	5	8
Leo	4	8	9
Leo	4	9	10
Leo	4	10	11
Leo	4	11	12
Leo	3	4	12
Leo	3	12	13
Leo	3	13	14
Leo	2	3	14
Leo	2	14	15
Leo	15	16	17
Leo	15	17	18
Leo	15	18	19
Leo	2	15	19
Leo	25	2	19
Leo	25	19	20
Leo	25	20	21
Leo	25	21	22
Leo	25	22	23
Leo	23	24	25
Dor	23	0	1
Dor	23	1	2
Dor	23	2	3
Dor	23	3	4
Dor	23	4	5
Dor	23	5	6
Dor	23	6	7
Dor	23	7	8
Dor	23	8	9
Dor	23	9	10
Dor	23	10	11
Dor	12	13	14
Dor	12	14	15
Dor	15	16	17
Dor	12	15	17
Dor	11	12	17
Dor	11	17	18
Dor	11	18	19
Dor	11	19	20
Dor	11	20	21
Dor	11	21	22
Dor	11	22	23
Vel	22	0	1
Vel	22	1	2
Vel	22	2	3
Vel	22	3	4
Vel	22	4	5
Vel	22	5	6
Vel	22	6	7
Vel	7	8	9
Vel	22	7	9
Vel	9	10	11
Vel	9	11	12
Vel	9	12	13
Vel	13	14	15
Vel	13	15	16
Vel	9	13	16
Vel	9	16	17
Vel	9	17	18
Vel	9	18	19
Vel	22	9	19
Vel	22	19	20
Vel	20	21	22
Cet	32	0	1
Cet	32	1	2
Cet	32	2	3
Cet	32	3	4
Cet	32	4	5
Cet	32	5	6
Cet	32	6	7
Cet	32	7	8
Cet	32	8	9
Cet	32	9	10
Cet	10	11	12
Cet	10	12	13
Cet	13	14	15
Cet	13	15	16
Cet	13	16	17
Cet	13	17	18
Cet	13	18	19
Cet	13	19	20
Cet	13	20	21
Cet	13	21	22
Cet	10	13	22
Cet	32	10	22
Cet	32	22	23
Cet	23	24	25
Cet	23	25	26
Cet	23	26	27
Cet	23	27	28
Cet	23	28	29
Cet	23	29	30
Cet	23	30	31
Cet	23	31	32
