# Redfield & Linsky 2008, arXiv:0709.4480v1 Figures 2-15, pages 32-45. Independently traced black outlines; blue membership positions were not used.
# cloud	vertex_index	l_deg	b_deg	figure	projection	pixel_x	pixel_y	centre_x	centre_y	semi_x	semi_y
G	0	74.77948502974449	24.621490027266233	2	H	198	122	304	162	252	126
G	1	63.47438247854331	23.716680774106678	2	H	213	124	304	162	252	126
G	2	45.444319060433436	16.455951801719866	2	H	236	136	304	162	252	126
G	3	31.90570271673886	15.976320288431541	2	H	256	137	304	162	252	126
G	4	20.446168428470877	21.91447140253977	2	H	274	128	304	162	252	126
G	5	13.267663031075172	33.21013125369693	2	H	286	111	304	162	252	126
G	6	3.2636155024553872	42.783903740730395	2	H	300	97	304	162	252	126
G	7	348.14445554182726	45.510857966779156	2	H	318	93	304	162	252	126
G	8	337.7740971189353	43.29850042810303	2	H	331	96	304	162	252	126
G	9	332.9861184181004	19.901415527797965	2	H	344	131	304	162	252	126
G	10	326.0024882103787	16.59844053170229	2	H	355	136	304	162	252	126
G	11	304.2286217038313	16.924619225764356	2	H	387	135	304	162	252	126
G	12	287.5194121664587	22.8136835490466	2	H	408	125	304	162	252	126
G	13	264.9300047057243	26.876339866773005	2	H	435	117	304	162	252	126
G	14	241.03121830669897	33.32306162559401	2	H	456	104	304	162	252	126
G	15	233.6393699097371	32.129104517160904	2	H	466	105	304	162	252	126
G	16	235.5973228390807	26.9536960716171	2	H	471	114	304	162	252	126
G	17	241.47700562809825	19.182606743105975	2	H	472	128	304	162	252	126
G	18	250.45518528879157	9.728285075417123	2	H	466	145	304	162	252	126
G	19	259.70781491517073	1.1650017324838358	2	H	455	160	304	162	252	126
G	20	268.64412302196115	-8.903708639860913	2	H	441	177	304	162	252	126
G	21	273.7172605099991	-21.10741511077809	2	H	428	197	304	162	252	126
G	22	274.6081249933055	-31.74194785172099	2	H	418	214	304	162	252	126
G	23	267.73377669289675	-40.35432625783316	2	H	416	228	304	162	252	126
G	24	248.68096577400365	-46.790518030943765	2	H	425	240	304	162	252	126
G	25	220.93765978991652	-54.85350509624774	2	H	428	256	304	162	252	126
G	26	198.1043681858069	-59.94481441901504	2	H	424	267	304	162	252	126
G	27	169.82654548443676	-64.54496115986532	2	H	414	278	304	162	252	126
G	28	177.77526465389792	-67.69000268889252	2	H	400	279	304	162	252	126
G	29	223.14139469445533	-66.58203991147138	2	H	391	270	304	162	252	126
G	30	266.33700863861316	-62.94830729754561	2	H	377	260	304	162	252	126
G	31	298.53990738407657	-50.376967011195326	2	H	370	240	304	162	252	126
G	32	315.8608941971684	-40.72080038536884	2	H	359	225	304	162	252	126
G	33	331.3766455627477	-25.749623072129722	2	H	345	202	304	162	252	126
G	34	340.84913974318624	-14.781126729372353	2	H	333	185	304	162	252	126
G	35	350.9327531500627	-7.7168169434899845	2	H	318	174	304	162	252	126
G	36	7.736368949217566	-4.500177681474275	2	H	292	169	304	162	252	126
G	37	26.444821565181357	-2.555447353502465	2	H	263	166	304	162	252	126
G	38	43.352596867227184	-1.2632522800332149	2	H	237	164	304	162	252	126
G	39	60.50999302558853	0.6208023453522472	2	H	211	161	304	162	252	126
G	40	72.59316768677606	0.6110958058664316	2	H	193	161	304	162	252	126
G	41	75.20398978736364	7.922525678224779	2	H	190	149	304	162	252	126
G	42	76.00825599009731	17.11145979345301	2	H	192	134	304	162	252	126
Blue	0	285.90914716570774	-12.127786049908575	3	A	149	506	305	485	252	126
Blue	1	270.8476387709597	-12.495376874973198	3	A	170	506	305	485	252	126
Blue	2	256.48460902027415	-7.297949496125668	3	A	189	497	305	485	252	126
Blue	3	234.65633908001936	-4.375426797427084	3	A	221	492	305	485	252	126
Blue	4	224.20598130306124	-6.315135458617055	3	A	237	495	305	485	252	126
Blue	5	220.8265725113664	-17.158824398729617	3	A	244	512	305	485	252	126
Blue	6	222.61750303365278	-34.05021675002308	3	A	248	538	305	485	252	126
Blue	7	224.94439470060544	-47.57659151204533	3	A	254	558	305	485	252	126
Blue	8	211.28150650804335	-52.23533515712404	3	A	272	564	305	485	252	126
Blue	9	193.47612805304624	-56.905556623921896	3	A	292	570	305	485	252	126
Blue	10	183.69579197753703	-63.67095666704875	3	A	302	579	305	485	252	126
Blue	11	193.74710559548043	-69.76437574329422	3	A	296	587	305	485	252	126
Blue	12	205.0387738872031	-67.24777278533882	3	A	287	584	305	485	252	126
Blue	13	238.03318453433937	-59.985066338651485	3	A	254	576	305	485	252	126
Blue	14	261.7550632698404	-51.27960638734695	3	A	220	566	305	485	252	126
Blue	15	276.32230376105014	-41.38236567996603	3	A	190	553	305	485	252	126
Blue	16	283.53567779422315	-31.955381557289044	3	A	169	539	305	485	252	126
Blue	17	291.16633746250625	-24.2263807920463	3	A	151	527	305	485	252	126
Aql	0	86.83154916323342	7.176644930899027	4	H	169	152	300	164	252	126
Aql	1	79.78936672957836	13.341143656142636	4	H	181	142	300	164	252	126
Aql	2	70.95621775437235	6.742664076121154	4	H	192	153	300	164	252	126
Aql	3	58.73119122254025	5.601432837615606	4	H	210	155	300	164	252	126
Aql	4	45.26707231618916	10.737457857071266	4	H	231	147	300	164	252	126
Aql	5	33.83099549411451	15.314743119413734	4	H	249	140	300	164	252	126
Aql	6	25.666125748390495	13.452203727440619	4	H	261	143	300	164	252	126
Aql	7	18.09407006871591	5.77220576647016	4	H	272	155	300	164	252	126
Aql	8	5.788636524734946	-0.642881344958087	4	H	291	165	300	164	252	126
Aql	9	352.9219536187121	-1.9284205359444835	4	H	311	167	300	164	252	126
Aql	10	347.0821469811849	-5.781031740983418	4	H	320	173	300	164	252	126
Aql	11	347.96977556504595	-18.0567834893395	4	H	318	192	300	164	252	126
Aql	12	354.7101688919641	-35.94785239814989	4	H	307	219	300	164	252	126
Aql	13	2.447711318478322	-42.78558953639249	4	H	297	229	300	164	252	126
Aql	14	10.260115760535244	-40.00143909571103	4	H	287	225	300	164	252	126
Aql	15	16.12367002246395	-32.51598126088851	4	H	278	214	300	164	252	126
Aql	16	27.806323568588958	-25.105398851604484	4	H	260	203	300	164	252	126
Aql	17	39.017538755987694	-18.466800388270695	4	H	242	193	300	164	252	126
Aql	18	47.86086742299972	-18.332996714481474	4	H	229	193	300	164	252	126
Aql	19	61.85667677966407	-21.22266273278495	4	H	210	198	300	164	252	126
Aql	20	75.24953390572549	-18.98798174868151	4	H	190	195	300	164	252	126
Aql	21	83.98099602870874	-13.251185862937353	4	H	175	186	300	164	252	126
Aql	22	88.32482473104099	-7.755733174002791	4	H	167	177	300	164	252	126
Aql	23	89.0392707869953	0.0	4	H	165	164	300	164	252	126
Eri	0	89.52723342699646	-6.546388547710705	5	H	163	173	298	162	252	126
Eri	1	85.59097876879213	-1.1975427999021724	5	H	168	164	298	162	252	126
Eri	2	61.866271841137895	-1.859484196234993	5	H	203	165	298	162	252	126
Eri	3	44.656824347563095	-0.6309171357359148	5	H	229	163	298	162	252	126
Eri	4	29.016195044502933	0.0	5	H	253	162	298	162	252	126
Eri	5	21.288303884161046	-3.84260350577494	5	H	265	168	298	162	252	126
Eri	6	21.512458264959818	-10.258095007604894	5	H	265	178	298	162	252	126
Eri	7	25.96351685213469	-16.67406773551605	5	H	259	188	298	162	252	126
Eri	8	40.07728779160325	-23.613941363109802	5	H	240	199	298	162	252	126
Eri	9	55.90049500560488	-26.490267491337168	5	H	219	204	298	162	252	126
Eri	10	69.74791106069425	-30.533336369460457	5	H	203	211	298	162	252	126
Eri	11	79.59631103512136	-39.16810601437266	5	H	199	225	298	162	252	126
Eri	12	92.93174212900036	-44.9580178016238	5	H	192	235	298	162	252	126
Eri	13	103.09876565537415	-42.18027460195663	5	H	177	232	298	162	252	126
Eri	14	107.22605031513429	-37.97680422581623	5	H	166	226	298	162	252	126
Eri	15	99.3029503163266	-27.27345702529638	5	H	162	208	298	162	252	126
Eri	16	93.27651511154836	-15.427068853290224	5	H	161	188	298	162	252	126
Aur	0	295.9231812579935	39.47052950284873	6	A	165	417	305	485	254	127
Aur	1	295.05903814844555	46.02173593474227	6	A	178	407	305	485	254	127
Aur	2	282.74898633937835	49.87129675987414	6	A	197	403	305	485	254	127
Aur	3	260.70165052171234	40.08751642984324	6	A	205	420	305	485	254	127
Aur	4	244.24955169224677	35.018098020532484	6	A	220	429	305	485	254	127
Aur	5	229.04031409949945	32.28516267263198	6	A	238	434	305	485	254	127
Aur	6	216.7029733527405	25.41886567911145	6	A	252	445	305	485	254	127
Aur	7	211.49183781217863	14.577690202822888	6	A	257	462	305	485	254	127
Aur	8	210.75236107774072	3.1618446232753867	6	A	257	480	305	485	254	127
Aur	9	206.27557627009656	-4.4379694612628775	6	A	264	492	305	485	254	127
Aur	10	196.26701633855993	-12.754982957682001	6	A	280	505	305	485	254	127
Aur	11	181.98727323504798	-17.937047777873577	6	A	302	513	305	485	254	127
Aur	12	173.35637297099376	-18.57625256630479	6	A	315	514	305	485	254	127
Aur	13	168.47654520786114	-5.099400554337439	6	A	323	493	305	485	254	127
Aur	14	164.6045444933806	6.369127785153456	6	A	329	475	305	485	254	127
Aur	15	159.0570750191548	21.735594842064977	6	A	336	451	305	485	254	127
Aur	16	156.24201233595673	16.558912897146243	6	A	341	459	305	485	254	127
Aur	17	157.59643233314583	3.8105632498288835	6	A	340	479	305	485	254	127
Aur	18	161.30685611122632	-8.911737717809253	6	A	334	499	305	485	254	127
Aur	19	167.6182455434561	-25.04721440861819	6	A	323	524	305	485	254	127
Aur	20	172.90068039820954	-29.66607125850397	6	A	315	531	305	485	254	127
Aur	21	181.3993526482797	-27.70343145882709	6	A	303	528	305	485	254	127
Aur	22	193.503061525122	-21.78744765605942	6	A	285	519	305	485	254	127
Aur	23	205.88097803468855	-17.825364860632774	6	A	266	513	305	485	254	127
Aur	24	215.53530493497388	-15.176376842566881	6	A	251	509	305	485	254	127
Aur	25	221.24239585093005	-6.280623319557958	6	A	241	495	305	485	254	127
Aur	26	223.81191931287717	5.640105371554348	6	A	237	476	305	485	254	127
Aur	27	225.55169905324192	18.859275874558765	6	A	237	455	305	485	254	127
Aur	28	237.8391081186833	21.149705253274224	6	A	220	451	305	485	254	127
Aur	29	254.2944618460158	26.316741496575936	6	A	200	442	305	485	254	127
Aur	30	266.31195522630946	30.807462985552736	6	A	188	434	305	485	254	127
Aur	31	280.4571365178976	36.886271616487065	6	A	178	423	305	485	254	127
Hyades	0	161.7982703384984	20.62715736217076	7	A	328	451	301	483	253	126
Hyades	1	155.53191299767923	16.039686304982588	7	A	338	458	301	483	253	126
Hyades	2	154.2031641607509	6.393579419910635	7	A	341	473	301	483	253	126
Hyades	3	157.49318161935008	-4.481067357228768	7	A	336	490	301	483	253	126
Hyades	4	165.5022227465309	-15.450462935504968	7	A	323	507	301	483	253	126
Hyades	5	169.71185199007482	-23.945059454339738	7	A	316	520	301	483	253	126
Hyades	6	156.75818256461181	-27.790842818745528	7	A	334	526	301	483	253	126
Hyades	7	133.77982077512286	-26.08570005447966	7	A	367	524	301	483	253	126
Hyades	8	116.77796614549572	-21.820774189530947	7	A	393	518	301	483	253	126
Hyades	9	105.66915956813462	-12.222169401934732	7	A	413	503	301	483	253	126
Hyades	10	95.0394349903282	-10.209417573874493	7	A	429	500	301	483	253	126
Hyades	11	93.28167289712802	-18.037875405089753	7	A	428	513	301	483	253	126
Hyades	12	99.80002495761974	-25.674408648674987	7	A	414	525	301	483	253	126
Hyades	13	112.76480855145748	-31.924322064368152	7	A	392	534	301	483	253	126
Hyades	14	101.63878965515411	-33.37166189931398	7	A	405	537	301	483	253	126
Hyades	15	84.85554368856047	-40.81038125556407	7	A	416	550	301	483	253	126
Hyades	16	101.57677983277145	-42.56070270047343	7	A	395	551	301	483	253	126
Hyades	17	119.5274451541142	-40.788660535034246	7	A	376	547	301	483	253	126
Hyades	18	133.80946615441923	-37.28495369811492	7	A	361	541	301	483	253	126
Hyades	19	144.095457904517	-36.890990633768446	7	A	348	540	301	483	253	126
Hyades	20	154.63785752824015	-40.498345638537735	7	A	333	545	301	483	253	126
Hyades	21	165.51761982110543	-46.18238003299099	7	A	318	553	301	483	253	126
Hyades	22	178.2783382585065	-46.96137529311121	7	A	303	554	301	483	253	126
Hyades	23	191.6947065041696	-44.81618559381392	7	A	287	551	301	483	253	126
Hyades	24	197.43389773650168	-36.53574083435369	7	A	278	539	301	483	253	126
Hyades	25	199.00934076010617	-27.836312865193154	7	A	274	526	301	483	253	126
Hyades	26	195.03608316845947	-23.26274940974142	7	A	279	519	301	483	253	126
Hyades	27	184.71527809086206	-20.686625662107442	7	A	294	515	301	483	253	126
Hyades	28	180.65860033677907	-15.480979583349502	7	A	300	507	301	483	253	126
Hyades	29	171.63911751465298	-5.786365314105471	7	A	314	492	301	483	253	126
Hyades	30	167.18188926444628	0.6420809174165326	7	A	321	482	301	483	253	126
Hyades	31	166.3541081431464	10.92978148851538	7	A	322	466	301	483	253	126
Mic	0	64.74802103602703	58.1388215920577	8	H	241	72	300	161	251	126
Mic	1	66.63151835943725	62.547624740077985	8	H	246	66	300	161	251	126
Mic	2	50.151811589231855	61.85709284400713	8	H	258	68	300	161	251	126
Mic	3	27.193978230243754	55.21543626072834	8	H	273	78	300	161	251	126
Mic	4	14.90500579194616	47.57841584662662	8	H	283	89	300	161	251	126
Mic	5	9.230142074803625	37.28373469729847	8	H	288	104	300	161	251	126
Mic	6	9.35731661237471	29.89694940973705	8	H	287	115	300	161	251	126
Mic	7	15.046542762627917	21.953541610138938	8	H	278	127	300	161	251	126
Mic	8	26.13589459451376	17.318944043176653	8	H	261	134	300	161	251	126
Mic	9	38.66607885354555	15.263918678923465	8	H	242	137	300	161	251	126
Mic	10	48.28599394640788	11.973172193379837	8	H	227	142	300	161	251	126
Mic	11	52.57881725101034	8.777257835185804	8	H	220	147	300	161	251	126
Mic	12	52.15975534712674	3.1329526911890953	8	H	220	156	300	161	251	126
Mic	13	39.580822470505105	0.0	8	H	239	161	300	161	251	126
Mic	14	27.192279932059243	-1.9157787023797699	8	H	258	164	300	161	251	126
Mic	15	15.632200569171426	-8.348126510137911	8	H	276	174	300	161	251	126
Mic	16	10.650673508876048	-16.113113489602192	8	H	284	186	300	161	251	126
Mic	17	11.403509919062982	-28.557591576964388	8	H	284	205	300	161	251	126
Mic	18	8.64885987536615	-39.32857826855729	8	H	289	221	300	161	251	126
Mic	19	8.581009062287691	-52.60495316249808	8	H	291	240	300	161	251	126
Mic	20	6.481424518511275	-65.1795790125737	8	H	295	257	300	161	251	126
Mic	21	8.871606853730961	-72.97762603058744	8	H	295	267	300	161	251	126
Mic	22	65.58298158043571	-82.89615044436356	8	H	284	280	300	161	251	126
Mic	23	223.25896179453247	-82.7866389107264	8	H	270	289	300	161	251	126
Mic	24	128.0263758765921	-80.48920001919184	8	H	264	281	300	161	251	126
Mic	25	56.72679493566494	-71.79041741348773	8	H	267	267	300	161	251	126
Mic	26	34.30591325279241	-65.47585352374607	8	H	274	258	300	161	251	126
Mic	27	38.5561146325336	-57.82331154065012	8	H	264	248	300	161	251	126
Mic	28	43.83545099104163	-48.31502876413519	8	H	251	235	300	161	251	126
Mic	29	40.44311932617336	-39.473880085836626	8	H	249	222	300	161	251	126
Mic	30	33.00454378660818	-28.9667733873126	8	H	254	206	300	161	251	126
Mic	31	35.417376619681946	-20.449817742245255	8	H	248	193	300	161	251	126
Mic	32	43.18703352700587	-13.935477954778042	8	H	235	183	300	161	251	126
Mic	33	54.58657248354469	-8.75903627016692	8	H	217	175	300	161	251	126
Mic	34	63.183509339001894	-7.432047073407403	8	H	204	173	300	161	251	126
Mic	35	75.01700781951908	-3.0451794196765465	8	H	186	166	300	161	251	126
Mic	36	81.81817576497126	1.8077158428106601	8	H	176	158	300	161	251	126
Mic	37	84.71935823270131	9.008115508852384	8	H	173	146	300	161	251	126
Mic	38	81.35737164765645	15.136935103571911	8	H	180	136	300	161	251	126
Mic	39	72.96818504398475	21.545430536445966	8	H	195	126	300	161	251	126
Mic	40	61.836600492377165	24.399991503297215	8	H	212	122	300	161	251	126
Mic	41	48.182579705188935	28.64077778883431	8	H	233	116	300	161	251	126
Mic	42	34.6184429488028	29.59657831012413	8	H	252	115	300	161	251	126
Mic	43	21.83697563130027	31.119971431940492	8	H	270	113	300	161	251	126
Mic	44	17.341658326287114	35.18750242114089	8	H	277	107	300	161	251	126
Mic	45	20.017114001113352	44.024225343596704	8	H	276	94	300	161	251	126
Mic	46	29.335990130683747	50.14766920054496	8	H	268	85	300	161	251	126
Mic	47	45.01081164065497	51.094448758139805	8	H	252	83	300	161	251	126
Mic	48	56.42716947448411	52.75335979253032	8	H	242	80	300	161	251	126
Oph	0	80.53987832999543	3.623531231658	9	H	178	165	300	171	251	126
Oph	1	75.6360099774858	12.198751235026853	9	H	187	151	300	171	251	126
Oph	2	66.71020655748909	17.958347017931754	9	H	202	142	300	171	251	126
Oph	3	55.9883387653474	22.000128609857427	9	H	219	136	300	171	251	126
Oph	4	47.72841578981742	27.34974948413414	9	H	233	128	300	171	251	126
Oph	5	46.71732875155985	30.641163854965548	9	H	236	123	300	171	251	126
Oph	6	57.34555362562748	30.982367149668654	9	H	222	122	300	171	251	126
Oph	7	62.09334272660016	34.08097423047958	9	H	218	117	300	171	251	126
Oph	8	57.945872129560605	38.88016271513014	9	H	227	110	300	171	251	126
Oph	9	45.91907933434876	46.15013662816469	9	H	247	100	300	171	251	126
Oph	10	30.61914501804797	50.82628109918067	9	H	267	94	300	171	251	126
Oph	11	19.747784711297	46.11368129890101	9	H	277	101	300	171	251	126
Oph	12	18.337430760457593	36.52535030321098	9	H	276	115	300	171	251	126
Oph	13	24.1389421715004	27.780036961039837	9	H	266	128	300	171	251	126
Oph	14	31.868457072388676	23.744149134612986	9	H	254	134	300	171	251	126
Oph	15	30.52761082064469	19.863747731781547	9	H	255	140	300	171	251	126
Oph	16	24.72590790669323	16.683923780855245	9	H	263	145	300	171	251	126
Oph	17	21.632684101382438	10.900623565088972	9	H	267	154	300	171	251	126
Oph	18	25.3505253465534	6.3949718016164585	9	H	261	161	300	171	251	126
Oph	19	34.42677687242269	4.4520858228607105	9	H	247	164	300	171	251	126
Oph	20	48.827476675903156	2.514403412438911	9	H	225	167	300	171	251	126
Oph	21	63.434435318338146	0.0	9	H	203	171	300	171	251	126
Oph	22	76.29979834086963	-0.6077764751416662	9	H	184	172	300	171	251	126
Gem	0	28.897533326226668	45.24859018879268	10	H	266	89	300	158	251	126
Gem	1	32.69757540837373	57.26525064655637	10	H	269	72	300	158	251	126
Gem	2	28.504447683115917	66.39774160548292	10	H	279	60	300	158	251	126
Gem	3	22.103146200143463	73.6330134656544	10	H	288	51	300	158	251	126
Gem	4	0.0	71.41446156170065	10	H	300	54	300	158	251	126
Gem	5	350.72100951328775	61.38324751654063	10	H	308	67	300	158	251	126
Gem	6	347.48866935991697	44.11453208853798	10	H	315	91	300	158	251	126
Gem	7	344.61436827660185	37.23429504172548	10	H	320	101	300	158	251	126
Gem	8	329.4194525876665	36.33284411861133	10	H	340	102	300	158	251	126
Gem	9	312.03326729154713	39.919473112529545	10	H	360	96	300	158	251	126
Gem	10	298.8004075929826	46.20600614612257	10	H	370	86	300	158	251	126
Gem	11	283.5089596684935	48.13041316468976	10	H	384	82	300	158	251	126
Gem	12	262.0604495493348	46.60035677457703	10	H	408	82	300	158	251	126
Gem	13	239.24158921251893	41.29074967965223	10	H	440	87	300	158	251	126
Gem	14	216.15331097856188	35.27679086179558	10	H	474	93	300	158	251	126
Gem	15	195.90644756227522	29.70883712725085	10	H	504	99	300	158	251	126
Gem	16	185.2368533581788	25.930890498583917	10	H	521	104	300	158	251	126
Gem	17	186.62340743725713	19.520126998369314	10	H	530	117	300	158	251	126
Gem	18	192.73023291960902	15.003017651175227	10	H	529	127	300	158	251	126
Gem	19	203.80598605417288	14.600845675551506	10	H	517	129	300	158	251	126
Gem	20	218.11689672889878	19.077092130516824	10	H	496	122	300	158	251	126
Gem	21	229.10028108084765	23.640186778797418	10	H	478	115	300	158	251	126
Gem	22	241.62995707626325	27.94933519763841	10	H	458	109	300	158	251	126
Gem	23	255.20002872113287	27.5822102291537	10	H	442	111	300	158	251	126
Gem	24	275.8285936542141	26.137238927816465	10	H	417	115	300	158	251	126
Gem	25	294.91776022888587	26.854566027275656	10	H	391	115	300	158	251	126
Gem	26	310.25987338941667	24.711520386121418	10	H	371	119	300	158	251	126
Gem	27	322.6780249713453	15.27872251668157	10	H	356	134	300	158	251	126
Gem	28	328.91801946919776	13.413068889031086	10	H	347	137	300	158	251	126
Gem	29	337.3966445784486	15.406741829951047	10	H	334	134	300	158	251	126
Gem	30	345.0548698721471	20.647922172558772	10	H	322	126	300	158	251	126
Gem	31	352.19834875732505	27.912751138008144	10	H	311	115	300	158	251	126
Gem	32	2.94216155489744	32.589263894146164	10	H	296	108	300	158	251	126
Gem	33	16.044010148029955	36.55069994342157	10	H	279	102	300	158	251	126
Gem	34	25.16868864718411	39.13852153917594	10	H	268	98	300	158	251	126
NGP	0	97.1250163489018	44.84695009255804	11	N	694	158	742	164	126	126
NGP	1	115.27772223555296	53.161391362339224	11	N	706	147	742	164	126	126
NGP	2	133.36342295838327	67.33542586276853	11	N	724	147	742	164	126	126
NGP	3	169.69515353123398	79.81857312800743	11	N	740	153	742	164	126	126
NGP	4	244.98310652189997	74.90216842719964	11	N	757	157	742	164	126	126
NGP	5	240.01836063115064	62.43610365005832	11	N	768	149	742	164	126	126
NGP	6	253.44292862436333	54.320797350494395	11	N	779	153	742	164	126	126
NGP	7	277.4958576397299	54.58150787147081	11	N	780	169	742	164	126	126
NGP	8	302.4711922908485	53.82871795432209	11	N	775	185	742	164	126	126
NGP	9	303.02386755579664	45.50224431910842	11	N	782	190	742	164	126	126
NGP	10	299.14807184571305	33.60154150076804	11	N	794	193	742	164	126	126
NGP	11	303.90627698844213	18.63123483639875	11	N	803	205	742	164	126	126
NGP	12	310.44623202084136	10.987928041759845	11	N	803	216	742	164	126	126
NGP	13	322.56142842766695	10.4589997419062	11	N	791	228	742	164	126	126
NGP	14	328.6097318958122	23.466395504710505	11	N	778	223	742	164	126	126
NGP	15	331.99082329198615	40.01462456703149	11	N	767	211	742	164	126	126
NGP	16	348.3663660010596	58.01626980003591	11	N	749	198	742	164	126	126
NGP	17	14.036243467926479	71.16639194790042	11	N	737	184	742	164	126	126
NGP	18	34.824489156956794	64.30417143259689	11	N	726	187	742	164	126	126
NGP	19	40.91438322002513	53.2698760966892	11	N	716	194	742	164	126	126
NGP	20	35.53767779197438	41.63624194645725	11	N	712	206	742	164	126	126
NGP	21	38.36748538486154	31.859679838829567	11	N	704	212	742	164	126	126
NGP	22	46.88818800674094	28.543652078919344	11	N	695	208	742	164	126	126
NGP	23	61.0490047925332	39.53565872754046	11	N	695	190	742	164	126	126
NGP	24	78.05582281155367	40.099496365924395	11	N	690	175	742	164	126	126
NGP	25	91.10170611520638	41.24148429050308	11	N	690	163	742	164	126	126
Leo	0	30.130578169355342	50.12871237841349	12	H	263	88	296	164	252	126
Leo	1	11.880645895356796	54.73913639871387	12	H	284	82	296	164	252	126
Leo	2	343.419020994545	56.866522685993864	12	H	312	79	296	164	252	126
Leo	3	315.3433794407508	60.575327585988326	12	H	335	73	296	164	252	126
Leo	4	297.98278588918043	64.34610570785489	12	H	344	67	296	164	252	126
Leo	5	273.14707156260596	70.87944735765137	12	H	347	57	296	164	252	126
Leo	6	224.06595623982616	77.12582157483156	12	H	346	46	296	164	252	126
Leo	7	215.65226858954017	72.50882769492532	12	H	365	49	296	164	252	126
Leo	8	228.21108168703864	64.60478676974306	12	H	387	59	296	164	252	126
Leo	9	221.18803540002344	57.920973188995596	12	H	411	66	296	164	252	126
Leo	10	215.1536384116718	54.0445948991445	12	H	426	70	296	164	252	126
Leo	11	217.8693164991656	50.139717325661316	12	H	435	76	296	164	252	126
Leo	12	228.1855151635215	44.68196345932041	12	H	440	86	296	164	252	126
Leo	13	241.95709956329222	38.35841893767828	12	H	439	98	296	164	252	126
Leo	14	258.053955312385	35.18920867161566	12	H	426	105	296	164	252	126
Leo	15	273.84193726147396	31.70260722525512	12	H	411	112	296	164	252	126
Leo	16	289.132030037538	29.846669784260648	12	H	393	116	296	164	252	126
Leo	17	302.7506635561137	29.684543308886365	12	H	375	117	296	164	252	126
Leo	18	303.1400757995646	36.257324740560264	12	H	370	107	296	164	252	126
Leo	19	301.645356670447	44.27560449246923	12	H	365	95	296	164	252	126
Leo	20	313.8644569679264	45.449890404754804	12	H	350	94	296	164	252	126
Leo	21	332.0123746713232	43.19259666559044	12	H	330	98	296	164	252	126
Leo	22	352.8402157116882	40.705016139897424	12	H	305	102	296	164	252	126
Leo	23	10.3421255658181	40.68557292774289	12	H	283	102	296	164	252	126
Leo	24	25.293657197280574	42.5562482990404	12	H	265	99	296	164	252	126
Leo	25	31.32051544924558	45.19345448323368	12	H	259	95	296	164	252	126
Dor	0	267.07017974241694	-32.289495903073146	13	A	184	553	300	500	253	126
Dor	1	254.2293535451512	-34.215200214045474	13	A	202	555	300	500	253	126
Dor	2	240.20168054515221	-38.12115344417096	13	A	223	560	300	500	253	126
Dor	3	222.58036301893287	-44.189070095506615	13	A	249	568	300	500	253	126
Dor	4	207.86691022043325	-49.473647890316414	13	A	269	575	300	500	253	126
Dor	5	201.36907579419693	-53.886152488599656	13	A	278	581	300	500	253	126
Dor	6	198.57564864761022	-56.837175689938	13	A	282	585	300	500	253	126
Dor	7	220.3556622899523	-57.76309573055921	13	A	262	587	300	500	253	126
Dor	8	242.46754481589988	-62.01769643469316	13	A	248	594	300	500	253	126
Dor	9	253.15524703745848	-64.47260136397327	13	A	244	598	300	500	253	126
Dor	10	261.1129379777463	-69.59294988693189	13	A	249	605	300	500	253	126
Dor	11	261.9479918467959	-73.82810338574097	13	A	258	610	300	500	253	126
Dor	12	309.87540702126944	-73.35295622137217	13	A	238	614	300	500	253	126
Dor	13	333.30428070581553	-70.0145151334961	13	A	219	614	300	500	253	126
Dor	14	342.18536323532754	-65.35962288077904	13	A	199	611	300	500	253	126
Dor	15	346.27658798811234	-60.00077224264161	13	A	178	606	300	500	253	126
Dor	16	353.69351212999436	-53.75094614705762	13	A	153	600	300	500	253	126
Dor	17	333.6673749445691	-52.01186465321846	13	A	158	593	300	500	253	126
Dor	18	308.9747667519464	-53.95693929656689	13	A	180	591	300	500	253	126
Dor	19	295.3084688208671	-55.52411079130599	13	A	194	591	300	500	253	126
Dor	20	287.74445608813966	-57.79515336129528	13	A	205	593	300	500	253	126
Dor	21	277.6802673126371	-55.04337825938058	13	A	207	588	300	500	253	126
Dor	22	271.191807213832	-48.49823429469442	13	A	201	578	300	500	253	126
Dor	23	269.33892687065406	-41.20933520151593	13	A	192	567	300	500	253	126
Vel	0	15.385631723398122	-37.23429504172548	14	H	278	244	298	187	251	126
Vel	1	2.9594224374841613	-33.25976681264905	14	H	294	238	298	187	251	126
Vel	2	348.42229780072415	-30.549824090990178	14	H	314	234	298	187	251	126
Vel	3	334.6518094881391	-30.40957323987877	14	H	333	234	298	187	251	126
Vel	4	325.0178840936986	-30.910160379321688	14	H	346	235	298	187	251	126
Vel	5	313.40812967867356	-26.077336048175816	14	H	364	228	298	187	251	126
Vel	6	299.187960411938	-19.35035164382784	14	H	387	218	298	187	251	126
Vel	7	284.9122443318639	-12.822449518436189	14	H	410	208	298	187	251	126
Vel	8	275.2649145460025	-4.198755574513034	14	H	426	194	298	187	251	126
Vel	9	267.4509072357837	-5.325183639118904	14	H	437	196	298	187	251	126
Vel	10	264.82130632333383	-13.584084890976223	14	H	438	210	298	187	251	126
Vel	11	266.1801425005383	-23.258858558518607	14	H	430	226	298	187	251	126
Vel	12	267.87646076552033	-35.18668153135186	14	H	416	245	298	187	251	126
Vel	13	270.0072612167862	-47.89913316662294	14	H	396	264	298	187	251	126
Vel	14	268.89205249682084	-58.55663256246126	14	H	378	279	298	187	251	126
Vel	15	271.75616582578994	-65.78324771613774	14	H	361	288	298	187	251	126
Vel	16	283.2642594910907	-66.61653506625633	14	H	352	288	298	187	251	126
Vel	17	307.42326648912154	-60.99583286630217	14	H	343	279	298	187	251	126
Vel	18	325.2959551058291	-52.858711296374864	14	H	334	267	298	187	251	126
Vel	19	337.6778609688635	-46.07238950625648	14	H	324	257	298	187	251	126
Vel	20	351.41235798478283	-46.234199469613756	14	H	308	257	298	187	251	126
Vel	21	6.736150062756851	-44.85033298140239	14	H	290	255	298	187	251	126
Vel	22	14.617905885634842	-42.02146805761016	14	H	280	251	298	187	251	126
Cet	0	280.52542412675706	13.442003285211095	15	A	150	455	298	478	252	126
Cet	1	274.98798014359784	17.77193033263368	15	A	160	448	298	478	252	126
Cet	2	268.76670896542726	18.581230375415466	15	A	169	447	298	478	252	126
Cet	3	263.5393164460206	16.3015934550737	15	A	175	451	298	478	252	126
Cet	4	261.74631374164625	5.426335897570345	15	A	174	469	298	478	252	126
Cet	5	264.50557387813717	-5.40163630793838	15	A	170	487	298	478	252	126
Cet	6	268.31565824890646	-19.20417890298884	15	A	170	510	298	478	252	126
Cet	7	272.59433732165684	-32.61816507047462	15	A	176	532	298	478	252	126
Cet	8	276.3497602552419	-44.030700003771074	15	A	187	550	298	478	252	126
Cet	9	277.8144151294009	-52.87050168519692	15	A	201	563	298	478	252	126
Cet	10	278.4984534825933	-61.74020704074442	15	A	219	575	298	478	252	126
Cet	11	266.85292843739404	-70.87944735765137	15	A	247	585	298	478	252	126
Cet	12	237.11528780506242	-78.58837766202342	15	A	276	592	298	478	252	126
Cet	13	169.45656612331203	-82.05641827394295	15	A	301	595	298	478	252	126
Cet	14	97.14602103732251	-79.30191675763707	15	A	327	594	298	478	252	126
Cet	15	71.86366150572496	-72.69652473693817	15	A	354	589	298	478	252	126
Cet	16	58.51851960669991	-65.88767749806789	15	A	380	583	298	478	252	126
Cet	17	39.899251841193866	-61.76050435610179	15	A	402	581	298	478	252	126
Cet	18	21.45901180730523	-64.10096394072959	15	A	402	587	298	478	252	126
Cet	19	17.477450208142216	-69.49894185358106	15	A	383	593	298	478	252	126
Cet	20	13.254742528321188	-76.66030108630876	15	A	355	599	298	478	252	126
Cet	21	3.5655421620830388	-83.60643555543378	15	A	326	603	298	478	252	126
Cet	22	207.72429009386832	-89.05857175106318	15	A	299	605	298	478	252	126
Cet	23	10.930047599811815	-84.53497620009415	15	A	274	604	298	478	252	126
Cet	24	344.53325337338293	-78.77124574539727	15	A	250	600	298	478	252	126
Cet	25	328.00104060460524	-71.96174058457984	15	A	226	593	298	478	252	126
Cet	26	317.0589374534024	-64.76123313709469	15	A	205	584	298	478	252	126
Cet	27	309.2817577635343	-56.88231787391479	15	A	186	573	298	478	252	126
Cet	28	300.0659983765724	-47.278961941976576	15	A	170	558	298	478	252	126
Cet	29	291.4540484372201	-35.75830934480125	15	A	158	539	298	478	252	126
Cet	30	286.0929139750534	-22.70116528502585	15	A	149	517	298	478	252	126
Cet	31	283.01966406276915	-9.867120335868373	15	A	145	495	298	478	252	126
Cet	32	282.42708220653674	1.1598742572800267	15	A	144	476	298	478	252	126
