# Redfield & Linsky 2008, ApJ 673, 283: Table 18 "Summary of Cloud Properties" (centre l, b; closest star; surface area; <T>) and Table 16 "LISM Cloud Heliocentric Velocity Vectors" (V0, l0, b0).
# Transcribed from the arXiv:0709.4480v1 LaTeX source (ms.tex, labels tab:sumprop and tab:vecs). T blank = \nodata; parenthesised single-sight-line values kept with the flag 1.
# cloud	l_deg	b_deg	closest_pc	area_sqdeg	t_k	t_single	v0_kms	l0_deg	b0_deg
LIC	170.0	-10.0	2.6	18270.0	7500	0	23.84	187.0	-13.5
G	315.0	0.0	1.3	8230.0	5500	0	29.6	184.5	-20.6
Blue	250.0	-30.0	2.6	2310.0	3900	0	13.89	205.5	-21.7
Aql	40.0	-5.0	3.5	2960.0	7000	0	58.6	187.0	-50.8
Eri	70.0	-20.0	3.5	1970.0	5300	0	24.1	196.7	-17.7
Aur	210.0	10.0	3.5	1640.0	6710	1	25.22	212.0	-16.4
Hyades	180.0	-20.0	5.0	1810.0	6200	0	14.69	164.2	-42.8
Mic	40.0	15.0	5.1	3550.0	9900	0	28.45	203.0	-3.3
Oph	45.0	25.0	5.1	1360.0	1700	1	32.25	217.7	0.8
Gem	300.0	40.0	6.7	3300.0	6000	0	36.3	207.2	-1.2
NGP	5.0	75.0	8.5	4020.0	8000	0	37.0	189.8	-5.4
Leo	270.0	55.0	11.1	2400.0		0	23.5	191.3	-8.9
Dor	270.0	-50.0	11.7	1550.0	7000	1	52.94	157.3	-47.93
Vel	300.0	-45.0	14.9	2190.0	10600	1	45.2	195.4	-19.1
Cet	290.0	-40.0	15.5	2270.0	6300	1	60.0	197.11	-8.72
